
CREATE SCHEMA IF NOT EXISTS hr;

USE hr;

DROP TABLE IF EXISTS 
	REGIONS, 
    COUNTRIES, 
    LOCATIONS, 
    JOBS, 
    DEPARTMENTS, 
    EMPLOYEES, 
    JOB_HISTORY;

-- DDL for Table REGIONS
CREATE TABLE REGIONS (
    REGION_ID INT PRIMARY KEY,
    REGION_NAME VARCHAR(25)
);

-- DDL for Table COUNTRIES
CREATE TABLE COUNTRIES (
    COUNTRY_ID CHAR(2) PRIMARY KEY,
    COUNTRY_NAME VARCHAR(40),
    REGION_ID INT,
    FOREIGN KEY (REGION_ID) REFERENCES REGIONS (REGION_ID)
);

-- DDL for Table LOCATIONS
CREATE TABLE LOCATIONS (
    LOCATION_ID INT PRIMARY KEY,
    STREET_ADDRESS VARCHAR(40),
    POSTAL_CODE VARCHAR(12),
    CITY VARCHAR(30),
    STATE_PROVINCE VARCHAR(25),
    COUNTRY_ID CHAR(2),
    FOREIGN KEY (COUNTRY_ID) REFERENCES COUNTRIES (COUNTRY_ID)
);

-- DDL for Table JOBS
CREATE TABLE JOBS (
    JOB_ID VARCHAR(10) PRIMARY KEY,
    JOB_TITLE VARCHAR(35),
    MIN_SALARY INT,
    MAX_SALARY INT
);

-- DDL for Table DEPARTMENTS
CREATE TABLE DEPARTMENTS (
    DEPARTMENT_ID INT PRIMARY KEY,
    DEPARTMENT_NAME VARCHAR(30),
    MANAGER_ID INT,
    LOCATION_ID INT,
    FOREIGN KEY (LOCATION_ID) REFERENCES LOCATIONS (LOCATION_ID)
);

-- DDL for Table EMPLOYEES
CREATE TABLE EMPLOYEES (
    EMPLOYEE_ID INT PRIMARY KEY,
    FIRST_NAME VARCHAR(20),
    LAST_NAME VARCHAR(25),
    EMAIL VARCHAR(25) UNIQUE,
    PHONE_NUMBER VARCHAR(20),
    HIRE_DATE DATE,
    JOB_ID VARCHAR(10),
    SALARY DECIMAL(8,2),
    COMMISSION_PCT DECIMAL(2,2),
    MANAGER_ID INT,
    DEPARTMENT_ID INT,
    TAX INT,
    PASSCODE VARCHAR(8),
    FOREIGN KEY (JOB_ID) REFERENCES JOBS (JOB_ID),
    FOREIGN KEY (DEPARTMENT_ID) REFERENCES DEPARTMENTS (DEPARTMENT_ID)
);

-- DDL for Table JOB_HISTORY
CREATE TABLE JOB_HISTORY (
    EMPLOYEE_ID INT,
    START_DATE DATE,
    END_DATE DATE,
    JOB_ID VARCHAR(10),
    DEPARTMENT_ID INT,
    FOREIGN KEY (EMPLOYEE_ID) REFERENCES EMPLOYEES (EMPLOYEE_ID),
    FOREIGN KEY (JOB_ID) REFERENCES JOBS (JOB_ID),
    FOREIGN KEY (DEPARTMENT_ID) REFERENCES DEPARTMENTS (DEPARTMENT_ID)
);

set foreign_key_checks = 0;

INSERT INTO REGIONS (REGION_ID, REGION_NAME) VALUES (1, 'Europe');
INSERT INTO REGIONS (REGION_ID, REGION_NAME) VALUES (2, 'Americas');
INSERT INTO REGIONS (REGION_ID, REGION_NAME) VALUES (3, 'Asia');
INSERT INTO REGIONS (REGION_ID, REGION_NAME) VALUES (4, 'Middle East and Africa');

INSERT INTO COUNTRIES (COUNTRY_ID, COUNTRY_NAME, REGION_ID) VALUES ('AR', 'Argentina', 2);
INSERT INTO COUNTRIES (COUNTRY_ID, COUNTRY_NAME, REGION_ID) VALUES ('AU', 'Australia', 3);
INSERT INTO COUNTRIES (COUNTRY_ID, COUNTRY_NAME, REGION_ID) VALUES ('BE', 'Belgium', 1);
INSERT INTO COUNTRIES (COUNTRY_ID, COUNTRY_NAME, REGION_ID) VALUES ('BR', 'Brazil', 2);
INSERT INTO COUNTRIES (COUNTRY_ID, COUNTRY_NAME, REGION_ID) VALUES ('CA', 'Canada', 2);
INSERT INTO COUNTRIES (COUNTRY_ID, COUNTRY_NAME, REGION_ID) VALUES ('CH', 'Switzerland', 1);
INSERT INTO COUNTRIES (COUNTRY_ID, COUNTRY_NAME, REGION_ID) VALUES ('CN', 'China', 3);
INSERT INTO COUNTRIES (COUNTRY_ID, COUNTRY_NAME, REGION_ID) VALUES ('DE', 'Germany', 1);
INSERT INTO COUNTRIES (COUNTRY_ID, COUNTRY_NAME, REGION_ID) VALUES ('DK', 'Denmark', 1);
INSERT INTO COUNTRIES (COUNTRY_ID, COUNTRY_NAME, REGION_ID) VALUES ('EG', 'Egypt', 4);
INSERT INTO COUNTRIES (COUNTRY_ID, COUNTRY_NAME, REGION_ID) VALUES ('FR', 'France', 1);
INSERT INTO COUNTRIES (COUNTRY_ID, COUNTRY_NAME, REGION_ID) VALUES ('HK', 'HongKong', 3);
INSERT INTO COUNTRIES (COUNTRY_ID, COUNTRY_NAME, REGION_ID) VALUES ('IL', 'Israel', 4);
INSERT INTO COUNTRIES (COUNTRY_ID, COUNTRY_NAME, REGION_ID) VALUES ('IN', 'India', 3);
INSERT INTO COUNTRIES (COUNTRY_ID, COUNTRY_NAME, REGION_ID) VALUES ('IT', 'Italy', 1);
INSERT INTO COUNTRIES (COUNTRY_ID, COUNTRY_NAME, REGION_ID) VALUES ('JP', 'Japan', 3);
INSERT INTO COUNTRIES (COUNTRY_ID, COUNTRY_NAME, REGION_ID) VALUES ('KW', 'Kuwait', 4);
INSERT INTO COUNTRIES (COUNTRY_ID, COUNTRY_NAME, REGION_ID) VALUES ('MX', 'Mexico', 2);
INSERT INTO COUNTRIES (COUNTRY_ID, COUNTRY_NAME, REGION_ID) VALUES ('NG', 'Nigeria', 4);
INSERT INTO COUNTRIES (COUNTRY_ID, COUNTRY_NAME, REGION_ID) VALUES ('NL', 'Netherlands', 1);
INSERT INTO COUNTRIES (COUNTRY_ID, COUNTRY_NAME, REGION_ID) VALUES ('SG', 'Singapore', 3);
INSERT INTO COUNTRIES (COUNTRY_ID, COUNTRY_NAME, REGION_ID) VALUES ('UK', 'United Kingdom', 1);
INSERT INTO COUNTRIES (COUNTRY_ID, COUNTRY_NAME, REGION_ID) VALUES ('US', 'United States of America', 2);
INSERT INTO COUNTRIES (COUNTRY_ID, COUNTRY_NAME, REGION_ID) VALUES ('ZM', 'Zambia', 4);
INSERT INTO COUNTRIES (COUNTRY_ID, COUNTRY_NAME, REGION_ID) VALUES ('ZW', 'Zimbabwe', 4);

INSERT INTO LOCATIONS (LOCATION_ID, STREET_ADDRESS, POSTAL_CODE, CITY, STATE_PROVINCE, COUNTRY_ID) VALUES (1000, '1297 Via Cola di Rie', '00989', 'Roma', '', 'IT');
INSERT INTO LOCATIONS (LOCATION_ID, STREET_ADDRESS, POSTAL_CODE, CITY, STATE_PROVINCE, COUNTRY_ID) VALUES (1100, '93091 Calle della Testa', '10934', 'Venice', '', 'IT');
INSERT INTO LOCATIONS (LOCATION_ID, STREET_ADDRESS, POSTAL_CODE, CITY, STATE_PROVINCE, COUNTRY_ID) VALUES (1200, '2017 Shinjuku-ku', '1689', 'Tokyo', 'Tokyo Prefecture', 'JP');
INSERT INTO LOCATIONS (LOCATION_ID, STREET_ADDRESS, POSTAL_CODE, CITY, STATE_PROVINCE, COUNTRY_ID) VALUES (1300, '9450 Kamiya-cho', '6823', 'Hiroshima', '', 'JP');
INSERT INTO LOCATIONS (LOCATION_ID, STREET_ADDRESS, POSTAL_CODE, CITY, STATE_PROVINCE, COUNTRY_ID) VALUES (1400, '2014 Jabberwocky Rd', '26192', 'Southlake', 'Texas', 'US');
INSERT INTO LOCATIONS (LOCATION_ID, STREET_ADDRESS, POSTAL_CODE, CITY, STATE_PROVINCE, COUNTRY_ID) VALUES (1500, '2011 Interiors Blvd', '99236', 'South San Francisco', 'California', 'US');
INSERT INTO LOCATIONS (LOCATION_ID, STREET_ADDRESS, POSTAL_CODE, CITY, STATE_PROVINCE, COUNTRY_ID) VALUES (1600, '2007 Zagora St', '50090', 'South Brunswick', 'New Jersey', 'US');
INSERT INTO LOCATIONS (LOCATION_ID, STREET_ADDRESS, POSTAL_CODE, CITY, STATE_PROVINCE, COUNTRY_ID) VALUES (1700, '2004 Charade Rd', '98199', 'Seattle', 'Washington', 'US');
INSERT INTO LOCATIONS (LOCATION_ID, STREET_ADDRESS, POSTAL_CODE, CITY, STATE_PROVINCE, COUNTRY_ID) VALUES (1800, '147 Spadina Ave', 'M5V 2L7', 'Toronto', 'Ontario', 'CA');
INSERT INTO LOCATIONS (LOCATION_ID, STREET_ADDRESS, POSTAL_CODE, CITY, STATE_PROVINCE, COUNTRY_ID) VALUES (1900, '6092 Boxwood St', 'YSW 9T2', 'Whitehorse', 'Yukon', 'CA');
INSERT INTO LOCATIONS (LOCATION_ID, STREET_ADDRESS, POSTAL_CODE, CITY, STATE_PROVINCE, COUNTRY_ID) VALUES (2000, '40-5-12 Laogianggen', '190518', 'Beijing', '', 'CN');
INSERT INTO LOCATIONS (LOCATION_ID, STREET_ADDRESS, POSTAL_CODE, CITY, STATE_PROVINCE, COUNTRY_ID) VALUES (2100, '1298 Vileparle (E)', '490231', 'Bombay', 'Maharashtra', 'IN');
INSERT INTO LOCATIONS (LOCATION_ID, STREET_ADDRESS, POSTAL_CODE, CITY, STATE_PROVINCE, COUNTRY_ID) VALUES (2200, '12-98 Victoria Street', '2901', 'Sydney', 'New South Wales', 'AU');
INSERT INTO LOCATIONS (LOCATION_ID, STREET_ADDRESS, POSTAL_CODE, CITY, STATE_PROVINCE, COUNTRY_ID) VALUES (2300, '198 Clementi North', '540198', 'Singapore', '', 'SG');
INSERT INTO LOCATIONS (LOCATION_ID, STREET_ADDRESS, POSTAL_CODE, CITY, STATE_PROVINCE, COUNTRY_ID) VALUES (2400, '8204 Arthur St', '', 'London', '', 'UK');
INSERT INTO LOCATIONS (LOCATION_ID, STREET_ADDRESS, POSTAL_CODE, CITY, STATE_PROVINCE, COUNTRY_ID) VALUES (2500, 'Magdalen Centre, The Oxford Science Park', 'OX9 9ZB', 'Oxford', 'Oxford', 'UK');
INSERT INTO LOCATIONS (LOCATION_ID, STREET_ADDRESS, POSTAL_CODE, CITY, STATE_PROVINCE, COUNTRY_ID) VALUES (2600, '9702 Chester Road', '09629850293', 'Stretford', 'Manchester', 'UK');
INSERT INTO LOCATIONS (LOCATION_ID, STREET_ADDRESS, POSTAL_CODE, CITY, STATE_PROVINCE, COUNTRY_ID) VALUES (2700, 'Schwanthalerstr. 7031', '80925', 'Munich', 'Bavaria', 'DE');
INSERT INTO LOCATIONS (LOCATION_ID, STREET_ADDRESS, POSTAL_CODE, CITY, STATE_PROVINCE, COUNTRY_ID) VALUES (2800, 'Rua Frei Caneca 1360 ', '01307-002', 'Sao Paulo', 'Sao Paulo', 'BR');
INSERT INTO LOCATIONS (LOCATION_ID, STREET_ADDRESS, POSTAL_CODE, CITY, STATE_PROVINCE, COUNTRY_ID) VALUES (2900, '20 Rue des Corps-Saints', '1730', 'Geneva', 'Geneve', 'CH');
INSERT INTO LOCATIONS (LOCATION_ID, STREET_ADDRESS, POSTAL_CODE, CITY, STATE_PROVINCE, COUNTRY_ID) VALUES (3000, 'Murtenstrasse 921', '3095', 'Bern', 'BE', 'CH');
INSERT INTO LOCATIONS (LOCATION_ID, STREET_ADDRESS, POSTAL_CODE, CITY, STATE_PROVINCE, COUNTRY_ID) VALUES (3100, 'Pieter Breughelstraat 837', '3029SK', 'Utrecht', 'Utrecht', 'NL');
INSERT INTO LOCATIONS (LOCATION_ID, STREET_ADDRESS, POSTAL_CODE, CITY, STATE_PROVINCE, COUNTRY_ID) VALUES (3200, 'Mariano Escobedo 9991', '11932', 'Mexico City', 'Distrito Federal,', 'MX');

INSERT INTO JOBS (JOB_ID, JOB_TITLE, MIN_SALARY, MAX_SALARY) VALUES ('AC_ACCOUNT', 'Public Accountant', 4200, 9000);
INSERT INTO JOBS (JOB_ID, JOB_TITLE, MIN_SALARY, MAX_SALARY) VALUES ('AC_MGR', 'Accounting Manager', 8200, 16000);
INSERT INTO JOBS (JOB_ID, JOB_TITLE, MIN_SALARY, MAX_SALARY) VALUES ('AD_ASST', 'Administration Assistant', 3000, 6000);
INSERT INTO JOBS (JOB_ID, JOB_TITLE, MIN_SALARY, MAX_SALARY) VALUES ('AD_PRES', 'President', 20000, 40000);
INSERT INTO JOBS (JOB_ID, JOB_TITLE, MIN_SALARY, MAX_SALARY) VALUES ('AD_VP', 'Administration Vice President', 15000, 30000);
INSERT INTO JOBS (JOB_ID, JOB_TITLE, MIN_SALARY, MAX_SALARY) VALUES ('FI_ACCOUNT', 'Accountant', 4200, 9000);
INSERT INTO JOBS (JOB_ID, JOB_TITLE, MIN_SALARY, MAX_SALARY) VALUES ('FI_MGR', 'Finance Manager', 8200, 16000);
INSERT INTO JOBS (JOB_ID, JOB_TITLE, MIN_SALARY, MAX_SALARY) VALUES ('HR_REP', 'Human Resources Representative', 4000, 9000);
INSERT INTO JOBS (JOB_ID, JOB_TITLE, MIN_SALARY, MAX_SALARY) VALUES ('IT_PROG', 'Programmer', 4000, 10000);
INSERT INTO JOBS (JOB_ID, JOB_TITLE, MIN_SALARY, MAX_SALARY) VALUES ('MK_MAN', 'Marketing Manager', 9000, 15000);
INSERT INTO JOBS (JOB_ID, JOB_TITLE, MIN_SALARY, MAX_SALARY) VALUES ('MK_REP', 'Marketing Representative', 4000, 9000);
INSERT INTO JOBS (JOB_ID, JOB_TITLE, MIN_SALARY, MAX_SALARY) VALUES ('PR_REP', 'Public Relations Representative', 4500, 10500);
INSERT INTO JOBS (JOB_ID, JOB_TITLE, MIN_SALARY, MAX_SALARY) VALUES ('PU_CLERK', 'Purchasing Clerk', 2500, 5500);
INSERT INTO JOBS (JOB_ID, JOB_TITLE, MIN_SALARY, MAX_SALARY) VALUES ('PU_MAN', 'Purchasing Manager', 8000, 15000);
INSERT INTO JOBS (JOB_ID, JOB_TITLE, MIN_SALARY, MAX_SALARY) VALUES ('SA_MAN', 'Sales Manager', 10000, 20000);
INSERT INTO JOBS (JOB_ID, JOB_TITLE, MIN_SALARY, MAX_SALARY) VALUES ('SA_REP', 'Sales Representative', 6000, 12000);
INSERT INTO JOBS (JOB_ID, JOB_TITLE, MIN_SALARY, MAX_SALARY) VALUES ('SH_CLERK', 'Shipping Clerk', 2500, 5500);
INSERT INTO JOBS (JOB_ID, JOB_TITLE, MIN_SALARY, MAX_SALARY) VALUES ('ST_CLERK', 'Stock Clerk', 2000, 5000);
INSERT INTO JOBS (JOB_ID, JOB_TITLE, MIN_SALARY, MAX_SALARY) VALUES ('ST_MAN', 'Stock Manager', 5500, 8500);

INSERT INTO DEPARTMENTS (DEPARTMENT_ID, DEPARTMENT_NAME, MANAGER_ID, LOCATION_ID) VALUES (10, 'Administration', 200, 1700);
INSERT INTO DEPARTMENTS (DEPARTMENT_ID, DEPARTMENT_NAME, MANAGER_ID, LOCATION_ID) VALUES (20, 'Marketing', 201, 1800);
INSERT INTO DEPARTMENTS (DEPARTMENT_ID, DEPARTMENT_NAME, MANAGER_ID, LOCATION_ID) VALUES (30, 'Purchasing', 114, 1700);
INSERT INTO DEPARTMENTS (DEPARTMENT_ID, DEPARTMENT_NAME, MANAGER_ID, LOCATION_ID) VALUES (40, 'Human Resources', 203, 2400);
INSERT INTO DEPARTMENTS (DEPARTMENT_ID, DEPARTMENT_NAME, MANAGER_ID, LOCATION_ID) VALUES (50, 'Shipping', 121, 1500);
INSERT INTO DEPARTMENTS (DEPARTMENT_ID, DEPARTMENT_NAME, MANAGER_ID, LOCATION_ID) VALUES (60, 'IT', 103, 1400);
INSERT INTO DEPARTMENTS (DEPARTMENT_ID, DEPARTMENT_NAME, MANAGER_ID, LOCATION_ID) VALUES (70, 'Public Relations', 204, 2700);
INSERT INTO DEPARTMENTS (DEPARTMENT_ID, DEPARTMENT_NAME, MANAGER_ID, LOCATION_ID) VALUES (80, 'Sales', 145, 2500);
INSERT INTO DEPARTMENTS (DEPARTMENT_ID, DEPARTMENT_NAME, MANAGER_ID, LOCATION_ID) VALUES (90, 'Executive', 100, 1700);
INSERT INTO DEPARTMENTS (DEPARTMENT_ID, DEPARTMENT_NAME, MANAGER_ID, LOCATION_ID) VALUES (100, 'Finance', 108, 1700);
INSERT INTO DEPARTMENTS (DEPARTMENT_ID, DEPARTMENT_NAME, MANAGER_ID, LOCATION_ID) VALUES (110, 'Accounting', 205, 1700);
INSERT INTO DEPARTMENTS (DEPARTMENT_ID, DEPARTMENT_NAME, MANAGER_ID, LOCATION_ID) VALUES (120, 'Treasury',null,1700);
INSERT INTO DEPARTMENTS (DEPARTMENT_ID, DEPARTMENT_NAME, MANAGER_ID, LOCATION_ID) VALUES (130, 'Corporate Tax',null,1700);
INSERT INTO DEPARTMENTS (DEPARTMENT_ID, DEPARTMENT_NAME, MANAGER_ID, LOCATION_ID) VALUES (140, 'Control And Credit',null,1700);
INSERT INTO DEPARTMENTS (DEPARTMENT_ID, DEPARTMENT_NAME, MANAGER_ID, LOCATION_ID) VALUES (150, 'Shareholder Services',null,1700);
INSERT INTO DEPARTMENTS (DEPARTMENT_ID, DEPARTMENT_NAME, MANAGER_ID, LOCATION_ID) VALUES (160, 'Benefits',null,1700);
INSERT INTO DEPARTMENTS (DEPARTMENT_ID, DEPARTMENT_NAME, MANAGER_ID, LOCATION_ID) VALUES (170, 'Manufacturing',null,1700);
INSERT INTO DEPARTMENTS (DEPARTMENT_ID, DEPARTMENT_NAME, MANAGER_ID, LOCATION_ID) VALUES (180, 'Construction',null,1700);
INSERT INTO DEPARTMENTS (DEPARTMENT_ID, DEPARTMENT_NAME, MANAGER_ID, LOCATION_ID) VALUES (190, 'Contracting',null,1700);
INSERT INTO DEPARTMENTS (DEPARTMENT_ID, DEPARTMENT_NAME, MANAGER_ID, LOCATION_ID) VALUES (200, 'Operations',null,1700);
INSERT INTO DEPARTMENTS (DEPARTMENT_ID, DEPARTMENT_NAME, MANAGER_ID, LOCATION_ID) VALUES (210, 'IT Support',null,1700);
INSERT INTO DEPARTMENTS (DEPARTMENT_ID, DEPARTMENT_NAME, MANAGER_ID, LOCATION_ID) VALUES (220, 'NOC',null,1700);
INSERT INTO DEPARTMENTS (DEPARTMENT_ID, DEPARTMENT_NAME, MANAGER_ID, LOCATION_ID) VALUES (230, 'IT Helpdesk',null,1700);
INSERT INTO DEPARTMENTS (DEPARTMENT_ID, DEPARTMENT_NAME, MANAGER_ID, LOCATION_ID) VALUES (240, 'Government Sales',null,1700);
INSERT INTO DEPARTMENTS (DEPARTMENT_ID, DEPARTMENT_NAME, MANAGER_ID, LOCATION_ID) VALUES (250, 'Retail Sales',null,1700);
INSERT INTO DEPARTMENTS (DEPARTMENT_ID, DEPARTMENT_NAME, MANAGER_ID, LOCATION_ID) VALUES (260, 'Recruiting',null,1700);
INSERT INTO DEPARTMENTS (DEPARTMENT_ID, DEPARTMENT_NAME, MANAGER_ID, LOCATION_ID) VALUES (270, 'Payroll',null,1700);

INSERT INTO EMPLOYEES (EMPLOYEE_ID, FIRST_NAME, LAST_NAME, EMAIL, PHONE_NUMBER, HIRE_DATE, JOB_ID, SALARY, COMMISSION_PCT, MANAGER_ID, DEPARTMENT_ID, TAX, PASSCODE) VALUES (101, 'Neena', 'Kochhar', 'NKOCHHAR', '515.123.4568', '1989-09-21', 'AD_VP', 17000.00, 0.00, 100, 90, 850, '');
INSERT INTO EMPLOYEES (EMPLOYEE_ID, FIRST_NAME, LAST_NAME, EMAIL, PHONE_NUMBER, HIRE_DATE, JOB_ID, SALARY, COMMISSION_PCT, MANAGER_ID, DEPARTMENT_ID, TAX, PASSCODE) VALUES (102, 'Lex', 'De Haan', 'LDEHAAN', '515.123.4569', '1993-01-13', 'AD_VP', 17000.00, 0.00, 100, 90, 850, '');
INSERT INTO EMPLOYEES (EMPLOYEE_ID, FIRST_NAME, LAST_NAME, EMAIL, PHONE_NUMBER, HIRE_DATE, JOB_ID, SALARY, COMMISSION_PCT, MANAGER_ID, DEPARTMENT_ID, TAX, PASSCODE) VALUES (103, 'Alexander', 'Hunold', 'AHUNOLD', '590.423.4567', '1990-01-03', 'IT_PROG', 9000.00, 0.00, 102, 60, 450, '');
INSERT INTO EMPLOYEES (EMPLOYEE_ID, FIRST_NAME, LAST_NAME, EMAIL, PHONE_NUMBER, HIRE_DATE, JOB_ID, SALARY, COMMISSION_PCT, MANAGER_ID, DEPARTMENT_ID, TAX, PASSCODE) VALUES (104, 'Bruce', 'Ernst', 'BERNST', '590.423.4568', '1991-05-21', 'IT_PROG', 6000.00, 0.00, 103, 60, 300, '');
INSERT INTO EMPLOYEES (EMPLOYEE_ID, FIRST_NAME, LAST_NAME, EMAIL, PHONE_NUMBER, HIRE_DATE, JOB_ID, SALARY, COMMISSION_PCT, MANAGER_ID, DEPARTMENT_ID, TAX, PASSCODE) VALUES (105, 'David', 'Austin', 'DAUSTIN', '590.423.4569', '1997-06-25', 'IT_PROG', 4800.00, 0.00, 103, 60, 240, '');
INSERT INTO EMPLOYEES (EMPLOYEE_ID, FIRST_NAME, LAST_NAME, EMAIL, PHONE_NUMBER, HIRE_DATE, JOB_ID, SALARY, COMMISSION_PCT, MANAGER_ID, DEPARTMENT_ID, TAX, PASSCODE) VALUES (106, 'Valli', 'Pataballa', 'VPATABAL', '590.423.4560', '1998-02-05', 'IT_PROG', 4800.00, 0.00, 103, 60, 240, '');
INSERT INTO EMPLOYEES (EMPLOYEE_ID, FIRST_NAME, LAST_NAME, EMAIL, PHONE_NUMBER, HIRE_DATE, JOB_ID, SALARY, COMMISSION_PCT, MANAGER_ID, DEPARTMENT_ID, TAX, PASSCODE) VALUES (107, 'Diana', 'Lorentz', 'DLORENTZ', '590.423.5567', '1999-02-07', 'IT_PROG', 4200.00, 0.00, 103, 60, 210, '');
INSERT INTO EMPLOYEES (EMPLOYEE_ID, FIRST_NAME, LAST_NAME, EMAIL, PHONE_NUMBER, HIRE_DATE, JOB_ID, SALARY, COMMISSION_PCT, MANAGER_ID, DEPARTMENT_ID, TAX, PASSCODE) VALUES (108, 'Nancy', 'Greenberg', 'NGREENBE', '515.124.4569', '1994-08-17', 'FI_MGR', 12000.00, 0.00, 101, 100, 600, '');
INSERT INTO EMPLOYEES (EMPLOYEE_ID, FIRST_NAME, LAST_NAME, EMAIL, PHONE_NUMBER, HIRE_DATE, JOB_ID, SALARY, COMMISSION_PCT, MANAGER_ID, DEPARTMENT_ID, TAX, PASSCODE) VALUES (109, 'Daniel', 'Faviet', 'DFAVIET', '515.124.4169', '1994-08-16', 'FI_ACCOUNT', 9000.00, 0.00, 108, 100, 450, '');
INSERT INTO EMPLOYEES (EMPLOYEE_ID, FIRST_NAME, LAST_NAME, EMAIL, PHONE_NUMBER, HIRE_DATE, JOB_ID, SALARY, COMMISSION_PCT, MANAGER_ID, DEPARTMENT_ID, TAX, PASSCODE) VALUES (110, 'John', 'Chen', 'JCHEN', '515.124.4269', '1997-09-28', 'FI_ACCOUNT', 8200.00, 0.00, 108, 100, 410, '');
INSERT INTO EMPLOYEES (EMPLOYEE_ID, FIRST_NAME, LAST_NAME, EMAIL, PHONE_NUMBER, HIRE_DATE, JOB_ID, SALARY, COMMISSION_PCT, MANAGER_ID, DEPARTMENT_ID, TAX, PASSCODE) VALUES (111, 'Ismael', 'Sciarra', 'ISCIARRA', '515.124.4369', '1997-09-30', 'FI_ACCOUNT', 7700.00, 0.00, 108, 100, 385, '');
INSERT INTO EMPLOYEES (EMPLOYEE_ID, FIRST_NAME, LAST_NAME, EMAIL, PHONE_NUMBER, HIRE_DATE, JOB_ID, SALARY, COMMISSION_PCT, MANAGER_ID, DEPARTMENT_ID, TAX, PASSCODE) VALUES (112, 'Jose Manuel', 'Urman', 'JMURMAN', '515.124.4469', '1998-03-07', 'FI_ACCOUNT', 7800.00, 0.00, 108, 100, 390, '');
INSERT INTO EMPLOYEES (EMPLOYEE_ID, FIRST_NAME, LAST_NAME, EMAIL, PHONE_NUMBER, HIRE_DATE, JOB_ID, SALARY, COMMISSION_PCT, MANAGER_ID, DEPARTMENT_ID, TAX, PASSCODE) VALUES (113, 'Luis', 'Popp', 'LPOPP', '515.124.4567', '1999-12-07', 'FI_ACCOUNT', 6900.00, 0.00, 108, 100, 345, '');
INSERT INTO EMPLOYEES (EMPLOYEE_ID, FIRST_NAME, LAST_NAME, EMAIL, PHONE_NUMBER, HIRE_DATE, JOB_ID, SALARY, COMMISSION_PCT, MANAGER_ID, DEPARTMENT_ID, TAX, PASSCODE) VALUES (114, 'Den', 'Raphaely', 'DRAPHEAL', '515.127.4561', '1994-12-07', 'PU_MAN', 11000.00, 0.00, 100, 30, 550, '');
INSERT INTO EMPLOYEES (EMPLOYEE_ID, FIRST_NAME, LAST_NAME, EMAIL, PHONE_NUMBER, HIRE_DATE, JOB_ID, SALARY, COMMISSION_PCT, MANAGER_ID, DEPARTMENT_ID, TAX, PASSCODE) VALUES (115, 'Alexander', 'Khoo', 'AKHOO', '515.127.4562', '1995-05-18', 'PU_CLERK', 3100.00, 0.00, 114, 30, 155, '');
INSERT INTO EMPLOYEES (EMPLOYEE_ID, FIRST_NAME, LAST_NAME, EMAIL, PHONE_NUMBER, HIRE_DATE, JOB_ID, SALARY, COMMISSION_PCT, MANAGER_ID, DEPARTMENT_ID, TAX, PASSCODE) VALUES (116, 'Shelli', 'Baida', 'SBAIDA', '515.127.4563', '1997-12-24', 'PU_CLERK', 2900.00, 0.00, 114, 30, 145, '');
INSERT INTO EMPLOYEES (EMPLOYEE_ID, FIRST_NAME, LAST_NAME, EMAIL, PHONE_NUMBER, HIRE_DATE, JOB_ID, SALARY, COMMISSION_PCT, MANAGER_ID, DEPARTMENT_ID, TAX, PASSCODE) VALUES (117, 'Sigal', 'Tobias', 'STOBIAS', '515.127.4564', '1997-07-24', 'PU_CLERK', 2800.00, 0.00, 114, 30, 140, '');
INSERT INTO EMPLOYEES (EMPLOYEE_ID, FIRST_NAME, LAST_NAME, EMAIL, PHONE_NUMBER, HIRE_DATE, JOB_ID, SALARY, COMMISSION_PCT, MANAGER_ID, DEPARTMENT_ID, TAX, PASSCODE) VALUES (118, 'Guy', 'Himuro', 'GHIMURO', '515.127.4565', '1998-11-15', 'PU_CLERK', 2600.00, 0.00, 114, 30, 130, '');
INSERT INTO EMPLOYEES (EMPLOYEE_ID, FIRST_NAME, LAST_NAME, EMAIL, PHONE_NUMBER, HIRE_DATE, JOB_ID, SALARY, COMMISSION_PCT, MANAGER_ID, DEPARTMENT_ID, TAX, PASSCODE) VALUES (119, 'Karen', 'Colmenares', 'KCOLMENA', '515.127.4566', '1999-08-10', 'PU_CLERK', 2500.00, 0.00, 114, 30, 125, '');
INSERT INTO EMPLOYEES (EMPLOYEE_ID, FIRST_NAME, LAST_NAME, EMAIL, PHONE_NUMBER, HIRE_DATE, JOB_ID, SALARY, COMMISSION_PCT, MANAGER_ID, DEPARTMENT_ID, TAX, PASSCODE) VALUES (120, 'Matthew', 'Weiss', 'MWEISS', '650.123.1234', '1996-07-18', 'ST_MAN', 8000.00, 0.00, 100, 50, 400, '');
INSERT INTO EMPLOYEES (EMPLOYEE_ID, FIRST_NAME, LAST_NAME, EMAIL, PHONE_NUMBER, HIRE_DATE, JOB_ID, SALARY, COMMISSION_PCT, MANAGER_ID, DEPARTMENT_ID, TAX, PASSCODE) VALUES (121, 'Adam', 'Fripp', 'AFRIPP', '650.123.2234', '1997-04-10', 'ST_MAN', 8200.00, 0.00, 100, 50, 410, '');
INSERT INTO EMPLOYEES (EMPLOYEE_ID, FIRST_NAME, LAST_NAME, EMAIL, PHONE_NUMBER, HIRE_DATE, JOB_ID, SALARY, COMMISSION_PCT, MANAGER_ID, DEPARTMENT_ID, TAX, PASSCODE) VALUES (122, 'Payam', 'Kaufling', 'PKAUFLIN', '650.123.3234', '1995-05-01', 'ST_MAN', 7900.00, 0.00, 100, 50, 395, '');
INSERT INTO EMPLOYEES (EMPLOYEE_ID, FIRST_NAME, LAST_NAME, EMAIL, PHONE_NUMBER, HIRE_DATE, JOB_ID, SALARY, COMMISSION_PCT, MANAGER_ID, DEPARTMENT_ID, TAX, PASSCODE) VALUES (123, 'Shanta', 'Vollman', 'SVOLLMAN', '650.123.4234', '1997-10-10', 'ST_MAN', 6500.00, 0.00, 100, 50, 325, '');
INSERT INTO EMPLOYEES (EMPLOYEE_ID, FIRST_NAME, LAST_NAME, EMAIL, PHONE_NUMBER, HIRE_DATE, JOB_ID, SALARY, COMMISSION_PCT, MANAGER_ID, DEPARTMENT_ID, TAX, PASSCODE) VALUES (124, 'Kevin', 'Mourgos', 'KMOURGOS', '650.123.5234', '1999-11-16', 'ST_MAN', 5800.00, 0.00, 100, 50, 290, '');
INSERT INTO EMPLOYEES (EMPLOYEE_ID, FIRST_NAME, LAST_NAME, EMAIL, PHONE_NUMBER, HIRE_DATE, JOB_ID, SALARY, COMMISSION_PCT, MANAGER_ID, DEPARTMENT_ID, TAX, PASSCODE) VALUES (125, 'Julia', 'Nayer', 'JNAYER', '650.124.1214', '1997-07-16', 'ST_CLERK', 3200.00, 0.00, 120, 50, 160, '');
INSERT INTO EMPLOYEES (EMPLOYEE_ID, FIRST_NAME, LAST_NAME, EMAIL, PHONE_NUMBER, HIRE_DATE, JOB_ID, SALARY, COMMISSION_PCT, MANAGER_ID, DEPARTMENT_ID, TAX, PASSCODE) VALUES (126, 'Irene', 'Mikkilineni', 'IMIKKILI', '650.124.1224', '1998-09-28', 'ST_CLERK', 2700.00, 0.00, 120, 50, 135, '');
INSERT INTO EMPLOYEES (EMPLOYEE_ID, FIRST_NAME, LAST_NAME, EMAIL, PHONE_NUMBER, HIRE_DATE, JOB_ID, SALARY, COMMISSION_PCT, MANAGER_ID, DEPARTMENT_ID, TAX, PASSCODE) VALUES (127, 'James', 'Landry', 'JLANDRY', '650.124.1334', '1999-01-14', 'ST_CLERK', 2400.00, 0.00, 120, 50, 120, '');
INSERT INTO EMPLOYEES (EMPLOYEE_ID, FIRST_NAME, LAST_NAME, EMAIL, PHONE_NUMBER, HIRE_DATE, JOB_ID, SALARY, COMMISSION_PCT, MANAGER_ID, DEPARTMENT_ID, TAX, PASSCODE) VALUES (128, 'Steven', 'Markle', 'SMARKLE', '650.124.1434', '2000-03-08', 'ST_CLERK', 2200.00, 0.00, 120, 50, 110, '');
INSERT INTO EMPLOYEES (EMPLOYEE_ID, FIRST_NAME, LAST_NAME, EMAIL, PHONE_NUMBER, HIRE_DATE, JOB_ID, SALARY, COMMISSION_PCT, MANAGER_ID, DEPARTMENT_ID, TAX, PASSCODE) VALUES (129, 'Laura', 'Bissot', 'LBISSOT', '650.124.5234', '1997-08-20', 'ST_CLERK', 3300.00, 0.00, 121, 50, 165, '');
INSERT INTO EMPLOYEES (EMPLOYEE_ID, FIRST_NAME, LAST_NAME, EMAIL, PHONE_NUMBER, HIRE_DATE, JOB_ID, SALARY, COMMISSION_PCT, MANAGER_ID, DEPARTMENT_ID, TAX, PASSCODE) VALUES (130, 'Mozhe', 'Atkinson', 'MATKINSO', '650.124.6234', '1997-10-30', 'ST_CLERK', 2800.00, 0.00, 121, 50, 140, '');
INSERT INTO EMPLOYEES (EMPLOYEE_ID, FIRST_NAME, LAST_NAME, EMAIL, PHONE_NUMBER, HIRE_DATE, JOB_ID, SALARY, COMMISSION_PCT, MANAGER_ID, DEPARTMENT_ID, TAX, PASSCODE) VALUES (131, 'James', 'Marlow', 'JAMRLOW', '650.124.7234', '1997-02-16', 'ST_CLERK', 2500.00, 0.00, 121, 50, 125, '');
INSERT INTO EMPLOYEES (EMPLOYEE_ID, FIRST_NAME, LAST_NAME, EMAIL, PHONE_NUMBER, HIRE_DATE, JOB_ID, SALARY, COMMISSION_PCT, MANAGER_ID, DEPARTMENT_ID, TAX, PASSCODE) VALUES (132, 'TJ', 'Olson', 'TJOLSON', '650.124.8234', '1999-04-10', 'ST_CLERK', 2100.00, 0.00, 121, 50, 105, '');
INSERT INTO EMPLOYEES (EMPLOYEE_ID, FIRST_NAME, LAST_NAME, EMAIL, PHONE_NUMBER, HIRE_DATE, JOB_ID, SALARY, COMMISSION_PCT, MANAGER_ID, DEPARTMENT_ID, TAX, PASSCODE) VALUES (133, 'Jason', 'Mallin', 'JMALLIN', '650.127.1934', '1996-06-14', 'ST_CLERK', 3300.00, 0.00, 122, 50, 165, '');
INSERT INTO EMPLOYEES (EMPLOYEE_ID, FIRST_NAME, LAST_NAME, EMAIL, PHONE_NUMBER, HIRE_DATE, JOB_ID, SALARY, COMMISSION_PCT, MANAGER_ID, DEPARTMENT_ID, TAX, PASSCODE) VALUES (134, 'Michael', 'Rogers', 'MROGERS', '650.127.1834', '1998-08-26', 'ST_CLERK', 2900.00, 0.00, 122, 50, 145, '');
INSERT INTO EMPLOYEES (EMPLOYEE_ID, FIRST_NAME, LAST_NAME, EMAIL, PHONE_NUMBER, HIRE_DATE, JOB_ID, SALARY, COMMISSION_PCT, MANAGER_ID, DEPARTMENT_ID, TAX, PASSCODE) VALUES (135, 'Ki', 'Gee', 'KGEE', '650.127.1734', '1999-12-12', 'ST_CLERK', 2400.00, 0.00, 122, 50, 120, '');
INSERT INTO EMPLOYEES (EMPLOYEE_ID, FIRST_NAME, LAST_NAME, EMAIL, PHONE_NUMBER, HIRE_DATE, JOB_ID, SALARY, COMMISSION_PCT, MANAGER_ID, DEPARTMENT_ID, TAX, PASSCODE) VALUES (136, 'Hazel', 'Philtanker', 'HPHILTAN', '650.127.1634', '2000-02-06', 'ST_CLERK', 2200.00, 0.00, 122, 50, 110, '');
INSERT INTO EMPLOYEES (EMPLOYEE_ID, FIRST_NAME, LAST_NAME, EMAIL, PHONE_NUMBER, HIRE_DATE, JOB_ID, SALARY, COMMISSION_PCT, MANAGER_ID, DEPARTMENT_ID, TAX, PASSCODE) VALUES (137, 'Renske', 'Ladwig', 'RLADWIG', '650.121.1234', '1995-07-14', 'ST_CLERK', 3600.00, 0.00, 123, 50, 180, '');
INSERT INTO EMPLOYEES (EMPLOYEE_ID, FIRST_NAME, LAST_NAME, EMAIL, PHONE_NUMBER, HIRE_DATE, JOB_ID, SALARY, COMMISSION_PCT, MANAGER_ID, DEPARTMENT_ID, TAX, PASSCODE) VALUES (138, 'Stephen', 'Stiles', 'SSTILES', '650.121.2034', '1997-10-26', 'ST_CLERK', 3200.00, 0.00, 123, 50, 160, '');
INSERT INTO EMPLOYEES (EMPLOYEE_ID, FIRST_NAME, LAST_NAME, EMAIL, PHONE_NUMBER, HIRE_DATE, JOB_ID, SALARY, COMMISSION_PCT, MANAGER_ID, DEPARTMENT_ID, TAX, PASSCODE) VALUES (139, 'John', 'Seo', 'JSEO', '650.121.2019', '1998-02-12', 'ST_CLERK', 2700.00, 0.00, 123, 50, 135, '');
INSERT INTO EMPLOYEES (EMPLOYEE_ID, FIRST_NAME, LAST_NAME, EMAIL, PHONE_NUMBER, HIRE_DATE, JOB_ID, SALARY, COMMISSION_PCT, MANAGER_ID, DEPARTMENT_ID, TAX, PASSCODE) VALUES (140, 'Joshua', 'Patel', 'JPATEL', '650.121.1834', '1998-04-06', 'ST_CLERK', 2500.00, 0.00, 123, 50, 125, '');
INSERT INTO EMPLOYEES (EMPLOYEE_ID, FIRST_NAME, LAST_NAME, EMAIL, PHONE_NUMBER, HIRE_DATE, JOB_ID, SALARY, COMMISSION_PCT, MANAGER_ID, DEPARTMENT_ID, TAX, PASSCODE) VALUES (141, 'Trenna', 'Rajs', 'TRAJS', '650.121.8009', '1995-10-17', 'ST_CLERK', 3500.00, 0.00, 124, 50, 175, '');
INSERT INTO EMPLOYEES (EMPLOYEE_ID, FIRST_NAME, LAST_NAME, EMAIL, PHONE_NUMBER, HIRE_DATE, JOB_ID, SALARY, COMMISSION_PCT, MANAGER_ID, DEPARTMENT_ID, TAX, PASSCODE) VALUES (142, 'Curtis', 'Davies', 'CDAVIES', '650.121.2994', '1997-01-29', 'ST_CLERK', 3100.00, 0.00, 124, 50, 155, '');
INSERT INTO EMPLOYEES (EMPLOYEE_ID, FIRST_NAME, LAST_NAME, EMAIL, PHONE_NUMBER, HIRE_DATE, JOB_ID, SALARY, COMMISSION_PCT, MANAGER_ID, DEPARTMENT_ID, TAX, PASSCODE) VALUES (143, 'Randall', 'Matos', 'RMATOS', '650.121.2874', '1998-03-15', 'ST_CLERK', 2600.00, 0.00, 124, 50, 130, '');
INSERT INTO EMPLOYEES (EMPLOYEE_ID, FIRST_NAME, LAST_NAME, EMAIL, PHONE_NUMBER, HIRE_DATE, JOB_ID, SALARY, COMMISSION_PCT, MANAGER_ID, DEPARTMENT_ID, TAX, PASSCODE) VALUES (144, 'Peter', 'Vargas', 'PVARGAS', '650.121.2004', '1998-07-09', 'ST_CLERK', 2500.00, 0.00, 124, 50, 125, '');
INSERT INTO EMPLOYEES (EMPLOYEE_ID, FIRST_NAME, LAST_NAME, EMAIL, PHONE_NUMBER, HIRE_DATE, JOB_ID, SALARY, COMMISSION_PCT, MANAGER_ID, DEPARTMENT_ID, TAX, PASSCODE) VALUES (145, 'John', 'Russell', 'JRUSSEL', '011.44.1344.429268', '1996-10-01', 'SA_MAN', 14000.00, 0.40, 100, 80, 700, '');
INSERT INTO EMPLOYEES (EMPLOYEE_ID, FIRST_NAME, LAST_NAME, EMAIL, PHONE_NUMBER, HIRE_DATE, JOB_ID, SALARY, COMMISSION_PCT, MANAGER_ID, DEPARTMENT_ID, TAX, PASSCODE) VALUES (146, 'Karen', 'Partners', 'KPARTNER', '011.44.1344.467268', '1997-01-05', 'SA_MAN', 13500.00, 0.30, 100, 80, 675, '');
INSERT INTO EMPLOYEES (EMPLOYEE_ID, FIRST_NAME, LAST_NAME, EMAIL, PHONE_NUMBER, HIRE_DATE, JOB_ID, SALARY, COMMISSION_PCT, MANAGER_ID, DEPARTMENT_ID, TAX, PASSCODE) VALUES (147, 'Alberto', 'Errazuriz', 'AERRAZUR', '011.44.1344.429278', '1997-03-10', 'SA_MAN', 12000.00, 0.30, 100, 80, 600, '');
INSERT INTO EMPLOYEES (EMPLOYEE_ID, FIRST_NAME, LAST_NAME, EMAIL, PHONE_NUMBER, HIRE_DATE, JOB_ID, SALARY, COMMISSION_PCT, MANAGER_ID, DEPARTMENT_ID, TAX, PASSCODE) VALUES (148, 'Gerald', 'Cambrault', 'GCAMBRAU', '011.44.1344.619268', '1999-10-15', 'SA_MAN', 11000.00, 0.30, 100, 80, 550, '');
INSERT INTO EMPLOYEES (EMPLOYEE_ID, FIRST_NAME, LAST_NAME, EMAIL, PHONE_NUMBER, HIRE_DATE, JOB_ID, SALARY, COMMISSION_PCT, MANAGER_ID, DEPARTMENT_ID, TAX, PASSCODE) VALUES (149, 'Eleni', 'Zlotkey', 'EZLOTKEY', '011.44.1344.429018', '2000-01-29', 'SA_MAN', 10500.00, 0.20, 100, 80, 525, '');
INSERT INTO EMPLOYEES (EMPLOYEE_ID, FIRST_NAME, LAST_NAME, EMAIL, PHONE_NUMBER, HIRE_DATE, JOB_ID, SALARY, COMMISSION_PCT, MANAGER_ID, DEPARTMENT_ID, TAX, PASSCODE) VALUES (150, 'Peter', 'Tucker', 'PTUCKER', '011.44.1344.129268', '1997-01-30', 'SA_REP', 10000.00, 0.30, 145, 80, 500, '');
INSERT INTO EMPLOYEES (EMPLOYEE_ID, FIRST_NAME, LAST_NAME, EMAIL, PHONE_NUMBER, HIRE_DATE, JOB_ID, SALARY, COMMISSION_PCT, MANAGER_ID, DEPARTMENT_ID, TAX, PASSCODE) VALUES (151, 'David', 'Bernstein', 'DBERNSTE', '011.44.1344.345268', '1997-03-24', 'SA_REP', 9500.00, 0.25, 145, 80, 475, '');
INSERT INTO EMPLOYEES (EMPLOYEE_ID, FIRST_NAME, LAST_NAME, EMAIL, PHONE_NUMBER, HIRE_DATE, JOB_ID, SALARY, COMMISSION_PCT, MANAGER_ID, DEPARTMENT_ID, TAX, PASSCODE) VALUES (152, 'Peter', 'Hall', 'PHALL', '011.44.1344.478968', '1997-08-20', 'SA_REP', 9000.00, 0.25, 145, 80, 450, '');
INSERT INTO EMPLOYEES (EMPLOYEE_ID, FIRST_NAME, LAST_NAME, EMAIL, PHONE_NUMBER, HIRE_DATE, JOB_ID, SALARY, COMMISSION_PCT, MANAGER_ID, DEPARTMENT_ID, TAX, PASSCODE) VALUES (153, 'Christopher', 'Olsen', 'COLSEN', '011.44.1344.498718', '1998-03-30', 'SA_REP', 8000.00, 0.20, 145, 80, 400, '');
INSERT INTO EMPLOYEES (EMPLOYEE_ID, FIRST_NAME, LAST_NAME, EMAIL, PHONE_NUMBER, HIRE_DATE, JOB_ID, SALARY, COMMISSION_PCT, MANAGER_ID, DEPARTMENT_ID, TAX, PASSCODE) VALUES (154, 'Nanette', 'Cambrault', 'NCAMBRAU', '011.44.1344.987668', '1998-12-09', 'SA_REP', 7500.00, 0.20, 145, 80, 375, '');
INSERT INTO EMPLOYEES (EMPLOYEE_ID, FIRST_NAME, LAST_NAME, EMAIL, PHONE_NUMBER, HIRE_DATE, JOB_ID, SALARY, COMMISSION_PCT, MANAGER_ID, DEPARTMENT_ID, TAX, PASSCODE) VALUES (155, 'Oliver', 'Tuvault', 'OTUVAULT', '011.44.1344.486508', '1999-11-23', 'SA_REP', 7000.00, 0.15, 145, 80, 350, '');
INSERT INTO EMPLOYEES (EMPLOYEE_ID, FIRST_NAME, LAST_NAME, EMAIL, PHONE_NUMBER, HIRE_DATE, JOB_ID, SALARY, COMMISSION_PCT, MANAGER_ID, DEPARTMENT_ID, TAX, PASSCODE) VALUES (156, 'Janette', 'King', 'JKING', '011.44.1345.429268', '1996-01-30', 'SA_REP', 10000.00, 0.35, 146, 80, 500, '');
INSERT INTO EMPLOYEES (EMPLOYEE_ID, FIRST_NAME, LAST_NAME, EMAIL, PHONE_NUMBER, HIRE_DATE, JOB_ID, SALARY, COMMISSION_PCT, MANAGER_ID, DEPARTMENT_ID, TAX, PASSCODE) VALUES (157, 'Patrick', 'Sully', 'PSULLY', '011.44.1345.929268', '1996-03-04', 'SA_REP', 9500.00, 0.35, 146, 80, 475, '');
INSERT INTO EMPLOYEES (EMPLOYEE_ID, FIRST_NAME, LAST_NAME, EMAIL, PHONE_NUMBER, HIRE_DATE, JOB_ID, SALARY, COMMISSION_PCT, MANAGER_ID, DEPARTMENT_ID, TAX, PASSCODE) VALUES (158, 'Allan', 'McEwen', 'AMCEWEN', '011.44.1345.829268', '1996-08-01', 'SA_REP', 9000.00, 0.35, 146, 80, 450, '');
INSERT INTO EMPLOYEES (EMPLOYEE_ID, FIRST_NAME, LAST_NAME, EMAIL, PHONE_NUMBER, HIRE_DATE, JOB_ID, SALARY, COMMISSION_PCT, MANAGER_ID, DEPARTMENT_ID, TAX, PASSCODE) VALUES (159, 'Lindsey', 'Smith', 'LSMITH', '011.44.1345.729268', '1997-03-10', 'SA_REP', 8000.00, 0.30, 146, 80, 400, '');
INSERT INTO EMPLOYEES (EMPLOYEE_ID, FIRST_NAME, LAST_NAME, EMAIL, PHONE_NUMBER, HIRE_DATE, JOB_ID, SALARY, COMMISSION_PCT, MANAGER_ID, DEPARTMENT_ID, TAX, PASSCODE) VALUES (160, 'Louise', 'Doran', 'LDORAN', '011.44.1345.629268', '1997-12-15', 'SA_REP', 7500.00, 0.30, 146, 80, 375, '');
INSERT INTO EMPLOYEES (EMPLOYEE_ID, FIRST_NAME, LAST_NAME, EMAIL, PHONE_NUMBER, HIRE_DATE, JOB_ID, SALARY, COMMISSION_PCT, MANAGER_ID, DEPARTMENT_ID, TAX, PASSCODE) VALUES (161, 'Sarath', 'Sewall', 'SSEWALL', '011.44.1345.529268', '1998-11-03', 'SA_REP', 7000.00, 0.25, 146, 80, 350, '');
INSERT INTO EMPLOYEES (EMPLOYEE_ID, FIRST_NAME, LAST_NAME, EMAIL, PHONE_NUMBER, HIRE_DATE, JOB_ID, SALARY, COMMISSION_PCT, MANAGER_ID, DEPARTMENT_ID, TAX, PASSCODE) VALUES (162, 'Clara', 'Vishney', 'CVISHNEY', '011.44.1346.129268', '1997-11-11', 'SA_REP', 10500.00, 0.25, 147, 80, 525, '');
INSERT INTO EMPLOYEES (EMPLOYEE_ID, FIRST_NAME, LAST_NAME, EMAIL, PHONE_NUMBER, HIRE_DATE, JOB_ID, SALARY, COMMISSION_PCT, MANAGER_ID, DEPARTMENT_ID, TAX, PASSCODE) VALUES (163, 'Danielle', 'Greene', 'DGREENE', '011.44.1346.229268', '1999-03-19', 'SA_REP', 9500.00, 0.15, 147, 80, 475, '');
INSERT INTO EMPLOYEES (EMPLOYEE_ID, FIRST_NAME, LAST_NAME, EMAIL, PHONE_NUMBER, HIRE_DATE, JOB_ID, SALARY, COMMISSION_PCT, MANAGER_ID, DEPARTMENT_ID, TAX, PASSCODE) VALUES (164, 'Mattea', 'Marvins', 'MMARVINS', '011.44.1346.329268', '2000-01-24', 'SA_REP', 7200.00, 0.10, 147, 80, 360, '');
INSERT INTO EMPLOYEES (EMPLOYEE_ID, FIRST_NAME, LAST_NAME, EMAIL, PHONE_NUMBER, HIRE_DATE, JOB_ID, SALARY, COMMISSION_PCT, MANAGER_ID, DEPARTMENT_ID, TAX, PASSCODE) VALUES (165, 'David', 'Lee', 'DLEE', '011.44.1346.529268', '2000-02-23', 'SA_REP', 6800.00, 0.10, 147, 80, 340, '');
INSERT INTO EMPLOYEES (EMPLOYEE_ID, FIRST_NAME, LAST_NAME, EMAIL, PHONE_NUMBER, HIRE_DATE, JOB_ID, SALARY, COMMISSION_PCT, MANAGER_ID, DEPARTMENT_ID, TAX, PASSCODE) VALUES (166, 'Sundar', 'Ande', 'SANDE', '011.44.1346.629268', '2000-03-24', 'SA_REP', 6400.00, 0.10, 147, 80, 320, '');
INSERT INTO EMPLOYEES (EMPLOYEE_ID, FIRST_NAME, LAST_NAME, EMAIL, PHONE_NUMBER, HIRE_DATE, JOB_ID, SALARY, COMMISSION_PCT, MANAGER_ID, DEPARTMENT_ID, TAX, PASSCODE) VALUES (167, 'Amit', 'Banda', 'ABANDA', '011.44.1346.729268', '2000-04-21', 'SA_REP', 6200.00, 0.10, 147, 80, 310, '');
INSERT INTO EMPLOYEES (EMPLOYEE_ID, FIRST_NAME, LAST_NAME, EMAIL, PHONE_NUMBER, HIRE_DATE, JOB_ID, SALARY, COMMISSION_PCT, MANAGER_ID, DEPARTMENT_ID, TAX, PASSCODE) VALUES (168, 'Lisa', 'Ozer', 'LOZER', '011.44.1343.929268', '1997-03-11', 'SA_REP', 11500.00, 0.25, 148, 80, 575, '');
INSERT INTO EMPLOYEES (EMPLOYEE_ID, FIRST_NAME, LAST_NAME, EMAIL, PHONE_NUMBER, HIRE_DATE, JOB_ID, SALARY, COMMISSION_PCT, MANAGER_ID, DEPARTMENT_ID, TAX, PASSCODE) VALUES (169, 'Harrison', 'Bloom', 'HBLOOM', '011.44.1343.829268', '1998-03-23', 'SA_REP', 10000.00, 0.20, 148, 80, 500, '');
INSERT INTO EMPLOYEES (EMPLOYEE_ID, FIRST_NAME, LAST_NAME, EMAIL, PHONE_NUMBER, HIRE_DATE, JOB_ID, SALARY, COMMISSION_PCT, MANAGER_ID, DEPARTMENT_ID, TAX, PASSCODE) VALUES (170, 'Tayler', 'Fox', 'TFOX', '011.44.1343.729268', '1998-01-24', 'SA_REP', 9600.00, 0.20, 148, 80, 480, '');
INSERT INTO EMPLOYEES (EMPLOYEE_ID, FIRST_NAME, LAST_NAME, EMAIL, PHONE_NUMBER, HIRE_DATE, JOB_ID, SALARY, COMMISSION_PCT, MANAGER_ID, DEPARTMENT_ID, TAX, PASSCODE) VALUES (171, 'William', 'Smith', 'WSMITH', '011.44.1343.629268', '1999-02-23', 'SA_REP', 7400.00, 0.15, 148, 80, 370, '');
INSERT INTO EMPLOYEES (EMPLOYEE_ID, FIRST_NAME, LAST_NAME, EMAIL, PHONE_NUMBER, HIRE_DATE, JOB_ID, SALARY, COMMISSION_PCT, MANAGER_ID, DEPARTMENT_ID, TAX, PASSCODE) VALUES (172, 'Elizabeth', 'Bates', 'EBATES', '011.44.1343.529268', '1999-03-24', 'SA_REP', 7300.00, 0.15, 148, 80, 365, '');
INSERT INTO EMPLOYEES (EMPLOYEE_ID, FIRST_NAME, LAST_NAME, EMAIL, PHONE_NUMBER, HIRE_DATE, JOB_ID, SALARY, COMMISSION_PCT, MANAGER_ID, DEPARTMENT_ID, TAX, PASSCODE) VALUES (173, 'Sundita', 'Kumar', 'SKUMAR', '011.44.1343.329268', '2000-04-21', 'SA_REP', 6100.00, 0.10, 148, 80, 305, '');
INSERT INTO EMPLOYEES (EMPLOYEE_ID, FIRST_NAME, LAST_NAME, EMAIL, PHONE_NUMBER, HIRE_DATE, JOB_ID, SALARY, COMMISSION_PCT, MANAGER_ID, DEPARTMENT_ID, TAX, PASSCODE) VALUES (174, 'Ellen', 'Abel', 'EABEL', '011.44.1644.429267', '1996-05-11', 'SA_REP', 11000.00, 0.30, 149, 80, 550, '');
INSERT INTO EMPLOYEES (EMPLOYEE_ID, FIRST_NAME, LAST_NAME, EMAIL, PHONE_NUMBER, HIRE_DATE, JOB_ID, SALARY, COMMISSION_PCT, MANAGER_ID, DEPARTMENT_ID, TAX, PASSCODE) VALUES (175, 'Alyssa', 'Hutton', 'AHUTTON', '011.44.1644.429266', '1997-03-19', 'SA_REP', 8800.00, 0.25, 149, 80, 440, '');
INSERT INTO EMPLOYEES (EMPLOYEE_ID, FIRST_NAME, LAST_NAME, EMAIL, PHONE_NUMBER, HIRE_DATE, JOB_ID, SALARY, COMMISSION_PCT, MANAGER_ID, DEPARTMENT_ID, TAX, PASSCODE) VALUES (176, 'Jonathon', 'Taylor', 'JTAYLOR', '011.44.1644.429265', '1998-03-24', 'SA_REP', 8600.00, 0.20, 149, 80, 430, '');
INSERT INTO EMPLOYEES (EMPLOYEE_ID, FIRST_NAME, LAST_NAME, EMAIL, PHONE_NUMBER, HIRE_DATE, JOB_ID, SALARY, COMMISSION_PCT, MANAGER_ID, DEPARTMENT_ID, TAX, PASSCODE) VALUES (177, 'Jack', 'Livingston', 'JLIVINGS', '011.44.1644.429264', '1998-04-23', 'SA_REP', 8400.00, 0.20, 149, 80, 420, '');
INSERT INTO EMPLOYEES (EMPLOYEE_ID, FIRST_NAME, LAST_NAME, EMAIL, PHONE_NUMBER, HIRE_DATE, JOB_ID, SALARY, COMMISSION_PCT, MANAGER_ID, DEPARTMENT_ID, TAX, PASSCODE) VALUES (179, 'Charles', 'Johnson', 'CJOHNSON', '011.44.1644.429262', '2000-01-04', 'SA_REP', 6200.00, 0.10, 149, 80, 310, '');
INSERT INTO EMPLOYEES (EMPLOYEE_ID, FIRST_NAME, LAST_NAME, EMAIL, PHONE_NUMBER, HIRE_DATE, JOB_ID, SALARY, COMMISSION_PCT, MANAGER_ID, DEPARTMENT_ID, TAX, PASSCODE) VALUES (180, 'Winston', 'Taylor', 'WTAYLOR', '650.507.9876', '1998-01-24', 'SH_CLERK', 3200.00, 0.00, 120, 50, 160, '');
INSERT INTO EMPLOYEES (EMPLOYEE_ID, FIRST_NAME, LAST_NAME, EMAIL, PHONE_NUMBER, HIRE_DATE, JOB_ID, SALARY, COMMISSION_PCT, MANAGER_ID, DEPARTMENT_ID, TAX, PASSCODE) VALUES (181, 'Jean', 'Fleaur', 'JFLEAUR', '650.507.9877', '1998-02-23', 'SH_CLERK', 3100.00, 0.00, 120, 50, 155, '');
INSERT INTO EMPLOYEES (EMPLOYEE_ID, FIRST_NAME, LAST_NAME, EMAIL, PHONE_NUMBER, HIRE_DATE, JOB_ID, SALARY, COMMISSION_PCT, MANAGER_ID, DEPARTMENT_ID, TAX, PASSCODE) VALUES (182, 'Martha', 'Sullivan', 'MSULLIVA', '650.507.9878', '1999-06-21', 'SH_CLERK', 2500.00, 0.00, 120, 50, 125, '');
INSERT INTO EMPLOYEES (EMPLOYEE_ID, FIRST_NAME, LAST_NAME, EMAIL, PHONE_NUMBER, HIRE_DATE, JOB_ID, SALARY, COMMISSION_PCT, MANAGER_ID, DEPARTMENT_ID, TAX, PASSCODE) VALUES (183, 'Girard', 'Geoni', 'GGEONI', '650.507.9879', '2000-02-03', 'SH_CLERK', 2800.00, 0.00, 120, 50, 140, '');
INSERT INTO EMPLOYEES (EMPLOYEE_ID, FIRST_NAME, LAST_NAME, EMAIL, PHONE_NUMBER, HIRE_DATE, JOB_ID, SALARY, COMMISSION_PCT, MANAGER_ID, DEPARTMENT_ID, TAX, PASSCODE) VALUES (184, 'Nandita', 'Sarchand', 'NSARCHAN', '650.509.1876', '1996-01-27', 'SH_CLERK', 4200.00, 0.00, 121, 50, 210, '');
INSERT INTO EMPLOYEES (EMPLOYEE_ID, FIRST_NAME, LAST_NAME, EMAIL, PHONE_NUMBER, HIRE_DATE, JOB_ID, SALARY, COMMISSION_PCT, MANAGER_ID, DEPARTMENT_ID, TAX, PASSCODE) VALUES (185, 'Alexis', 'Bull', 'ABULL', '650.509.2876', '1997-02-20', 'SH_CLERK', 4100.00, 0.00, 121, 50, 205, '');
INSERT INTO EMPLOYEES (EMPLOYEE_ID, FIRST_NAME, LAST_NAME, EMAIL, PHONE_NUMBER, HIRE_DATE, JOB_ID, SALARY, COMMISSION_PCT, MANAGER_ID, DEPARTMENT_ID, TAX, PASSCODE) VALUES (186, 'Julia', 'Dellinger', 'JDELLING', '650.509.3876', '1998-06-24', 'SH_CLERK', 3400.00, 0.00, 121, 50, 170, '');
INSERT INTO EMPLOYEES (EMPLOYEE_ID, FIRST_NAME, LAST_NAME, EMAIL, PHONE_NUMBER, HIRE_DATE, JOB_ID, SALARY, COMMISSION_PCT, MANAGER_ID, DEPARTMENT_ID, TAX, PASSCODE) VALUES (187, 'Anthony', 'Cabrio', 'ACABRIO', '650.509.4876', '1999-02-07', 'SH_CLERK', 3000.00, 0.00, 121, 50, 150, '');
INSERT INTO EMPLOYEES (EMPLOYEE_ID, FIRST_NAME, LAST_NAME, EMAIL, PHONE_NUMBER, HIRE_DATE, JOB_ID, SALARY, COMMISSION_PCT, MANAGER_ID, DEPARTMENT_ID, TAX, PASSCODE) VALUES (188, 'Kelly', 'Chung', 'KCHUNG', '650.505.1876', '1997-06-14', 'SH_CLERK', 3800.00, 0.00, 122, 50, 190, '');
INSERT INTO EMPLOYEES (EMPLOYEE_ID, FIRST_NAME, LAST_NAME, EMAIL, PHONE_NUMBER, HIRE_DATE, JOB_ID, SALARY, COMMISSION_PCT, MANAGER_ID, DEPARTMENT_ID, TAX, PASSCODE) VALUES (189, 'Jennifer', 'Dilly', 'JDILLY', '650.505.2876', '1997-08-13', 'SH_CLERK', 3600.00, 0.00, 122, 50, 180, '');
INSERT INTO EMPLOYEES (EMPLOYEE_ID, FIRST_NAME, LAST_NAME, EMAIL, PHONE_NUMBER, HIRE_DATE, JOB_ID, SALARY, COMMISSION_PCT, MANAGER_ID, DEPARTMENT_ID, TAX, PASSCODE) VALUES (190, 'Timothy', 'Gates', 'TGATES', '650.505.3876', '1998-07-11', 'SH_CLERK', 2900.00, 0.00, 122, 50, 145, '');
INSERT INTO EMPLOYEES (EMPLOYEE_ID, FIRST_NAME, LAST_NAME, EMAIL, PHONE_NUMBER, HIRE_DATE, JOB_ID, SALARY, COMMISSION_PCT, MANAGER_ID, DEPARTMENT_ID, TAX, PASSCODE) VALUES (191, 'Randall', 'Perkins', 'RPERKINS', '650.505.4876', '1999-12-19', 'SH_CLERK', 2500.00, 0.00, 122, 50, 125, '');
INSERT INTO EMPLOYEES (EMPLOYEE_ID, FIRST_NAME, LAST_NAME, EMAIL, PHONE_NUMBER, HIRE_DATE, JOB_ID, SALARY, COMMISSION_PCT, MANAGER_ID, DEPARTMENT_ID, TAX, PASSCODE) VALUES (192, 'Sarah', 'Bell', 'SBELL', '650.501.1876', '1996-02-04', 'SH_CLERK', 4000.00, 0.00, 123, 50, 200, '');
INSERT INTO EMPLOYEES (EMPLOYEE_ID, FIRST_NAME, LAST_NAME, EMAIL, PHONE_NUMBER, HIRE_DATE, JOB_ID, SALARY, COMMISSION_PCT, MANAGER_ID, DEPARTMENT_ID, TAX, PASSCODE) VALUES (193, 'Britney', 'Everett', 'BEVERETT', '650.501.2876', '1997-03-03', 'SH_CLERK', 3900.00, 0.00, 123, 50, 195, '');
INSERT INTO EMPLOYEES (EMPLOYEE_ID, FIRST_NAME, LAST_NAME, EMAIL, PHONE_NUMBER, HIRE_DATE, JOB_ID, SALARY, COMMISSION_PCT, MANAGER_ID, DEPARTMENT_ID, TAX, PASSCODE) VALUES (194, 'Samuel', 'McCain', 'SMCCAIN', '650.501.3876', '1998-07-01', 'SH_CLERK', 3200.00, 0.00, 123, 50, 160, '');
INSERT INTO EMPLOYEES (EMPLOYEE_ID, FIRST_NAME, LAST_NAME, EMAIL, PHONE_NUMBER, HIRE_DATE, JOB_ID, SALARY, COMMISSION_PCT, MANAGER_ID, DEPARTMENT_ID, TAX, PASSCODE) VALUES (195, 'Vance', 'Jones', 'VJONES', '650.501.4876', '1999-03-17', 'SH_CLERK', 2800.00, 0.00, 123, 50, 140, '');
INSERT INTO EMPLOYEES (EMPLOYEE_ID, FIRST_NAME, LAST_NAME, EMAIL, PHONE_NUMBER, HIRE_DATE, JOB_ID, SALARY, COMMISSION_PCT, MANAGER_ID, DEPARTMENT_ID, TAX, PASSCODE) VALUES (196, 'Alana', 'Walsh', 'AWALSH', '650.507.9811', '1998-04-24', 'SH_CLERK', 3100.00, 0.00, 124, 50, 155, '');
INSERT INTO EMPLOYEES (EMPLOYEE_ID, FIRST_NAME, LAST_NAME, EMAIL, PHONE_NUMBER, HIRE_DATE, JOB_ID, SALARY, COMMISSION_PCT, MANAGER_ID, DEPARTMENT_ID, TAX, PASSCODE) VALUES (197, 'Kevin', 'Feeney', 'KFEENEY', '650.507.9822', '1998-05-23', 'SH_CLERK', 3000.00, 0.00, 124, 50, 150, '');
INSERT INTO EMPLOYEES (EMPLOYEE_ID, FIRST_NAME, LAST_NAME, EMAIL, PHONE_NUMBER, HIRE_DATE, JOB_ID, SALARY, COMMISSION_PCT, MANAGER_ID, DEPARTMENT_ID, TAX, PASSCODE) VALUES (198, 'Donald', 'OConnell', 'DOCONNEL', '650.507.9833', '1999-06-21', 'SH_CLERK', 2600.00, 0.00, 124, 50, 130, '');
INSERT INTO EMPLOYEES (EMPLOYEE_ID, FIRST_NAME, LAST_NAME, EMAIL, PHONE_NUMBER, HIRE_DATE, JOB_ID, SALARY, COMMISSION_PCT, MANAGER_ID, DEPARTMENT_ID, TAX, PASSCODE) VALUES (199, 'Douglas', 'Grant', 'DGRANT', '650.507.9844', '2000-01-13', 'SH_CLERK', 2600.00, 0.00, 124, 50, 130, '');
INSERT INTO EMPLOYEES (EMPLOYEE_ID, FIRST_NAME, LAST_NAME, EMAIL, PHONE_NUMBER, HIRE_DATE, JOB_ID, SALARY, COMMISSION_PCT, MANAGER_ID, DEPARTMENT_ID, TAX, PASSCODE) VALUES (200, 'Jennifer', 'Whalen', 'JWHALEN', '515.123.4444', '1987-09-17', 'AD_ASST', 4400.00, 0.00, 101, 10, 220, '');
INSERT INTO EMPLOYEES (EMPLOYEE_ID, FIRST_NAME, LAST_NAME, EMAIL, PHONE_NUMBER, HIRE_DATE, JOB_ID, SALARY, COMMISSION_PCT, MANAGER_ID, DEPARTMENT_ID, TAX, PASSCODE) VALUES (201, 'Michael', 'Hartstein', 'MHARTSTE', '515.123.5555', '1996-02-17', 'MK_MAN', 13000.00, 0.00, 100, 20, 650, '');
INSERT INTO EMPLOYEES (EMPLOYEE_ID, FIRST_NAME, LAST_NAME, EMAIL, PHONE_NUMBER, HIRE_DATE, JOB_ID, SALARY, COMMISSION_PCT, MANAGER_ID, DEPARTMENT_ID, TAX, PASSCODE) VALUES (202, 'Pat', 'Fay', 'PFAY', '603.123.6666', '1997-08-17', 'MK_REP', 6000.00, 0.00, 201, 20, 300, '');
INSERT INTO EMPLOYEES (EMPLOYEE_ID, FIRST_NAME, LAST_NAME, EMAIL, PHONE_NUMBER, HIRE_DATE, JOB_ID, SALARY, COMMISSION_PCT, MANAGER_ID, DEPARTMENT_ID, TAX, PASSCODE) VALUES (203, 'Susan', 'Mavris', 'SMAVRIS', '515.123.7777', '1994-06-07', 'HR_REP', 6500.00, 0.00, 101, 40, 325, '');
INSERT INTO EMPLOYEES (EMPLOYEE_ID, FIRST_NAME, LAST_NAME, EMAIL, PHONE_NUMBER, HIRE_DATE, JOB_ID, SALARY, COMMISSION_PCT, MANAGER_ID, DEPARTMENT_ID, TAX, PASSCODE) VALUES (204, 'Hermann', 'Baer', 'HBAER', '515.123.8888', '1994-06-07', 'PR_REP', 10000.00, 0.00, 101, 70, 500, '');
INSERT INTO EMPLOYEES (EMPLOYEE_ID, FIRST_NAME, LAST_NAME, EMAIL, PHONE_NUMBER, HIRE_DATE, JOB_ID, SALARY, COMMISSION_PCT, MANAGER_ID, DEPARTMENT_ID, TAX, PASSCODE) VALUES (205, 'Shelley', 'Higgins', 'SHIGGINS', '515.123.8080', '1994-06-07', 'AC_MGR', 12000.00, 0.00, 101, 110, 600, '');
INSERT INTO EMPLOYEES (EMPLOYEE_ID, FIRST_NAME, LAST_NAME, EMAIL, PHONE_NUMBER, HIRE_DATE, JOB_ID, SALARY, COMMISSION_PCT, MANAGER_ID, DEPARTMENT_ID, TAX, PASSCODE) VALUES (206, 'William', 'Gietz', 'WGIETZ', '515.123.8181', '1994-06-07', 'AC_ACCOUNT', 8300.00, 0.00, 205, 110, 415, '');
INSERT INTO EMPLOYEES (EMPLOYEE_ID, FIRST_NAME, LAST_NAME, EMAIL, PHONE_NUMBER, HIRE_DATE, JOB_ID, SALARY, COMMISSION_PCT, MANAGER_ID, DEPARTMENT_ID, TAX, PASSCODE) VALUES (100,'Steven','King','SKING','515.123.4567','1987-06-17','AD_PRES',24000.00,null,0.00,90,1200,'');
INSERT INTO EMPLOYEES (EMPLOYEE_ID, FIRST_NAME, LAST_NAME, EMAIL, PHONE_NUMBER, HIRE_DATE, JOB_ID, SALARY, COMMISSION_PCT, MANAGER_ID, DEPARTMENT_ID, TAX, PASSCODE) VALUES (178,'Kimberely','Grant','KGRANT','011.44.1644.429263','1999-05-24','SA_REP',7000.0,0.15,149,NULL,350,'');

INSERT INTO JOB_HISTORY (EMPLOYEE_ID, START_DATE, END_DATE, JOB_ID, DEPARTMENT_ID) VALUES (102, '1993-01-13', '1998-07-24', 'IT_PROG', 60);
INSERT INTO JOB_HISTORY (EMPLOYEE_ID, START_DATE, END_DATE, JOB_ID, DEPARTMENT_ID) VALUES (101, '1989-09-21', '1993-10-27', 'AC_ACCOUNT', 110);
INSERT INTO JOB_HISTORY (EMPLOYEE_ID, START_DATE, END_DATE, JOB_ID, DEPARTMENT_ID) VALUES (101, '1993-10-28', '1997-03-15', 'AC_MGR', 110);
INSERT INTO JOB_HISTORY (EMPLOYEE_ID, START_DATE, END_DATE, JOB_ID, DEPARTMENT_ID) VALUES (201, '1996-02-17', '1999-12-19', 'MK_REP', 20);
INSERT INTO JOB_HISTORY (EMPLOYEE_ID, START_DATE, END_DATE, JOB_ID, DEPARTMENT_ID) VALUES (114, '1998-03-24', '1999-12-31', 'ST_CLERK', 50);
INSERT INTO JOB_HISTORY (EMPLOYEE_ID, START_DATE, END_DATE, JOB_ID, DEPARTMENT_ID) VALUES (122, '1999-01-01', '1999-12-31', 'ST_CLERK', 50);
INSERT INTO JOB_HISTORY (EMPLOYEE_ID, START_DATE, END_DATE, JOB_ID, DEPARTMENT_ID) VALUES (200, '1987-09-17', '1993-06-17', 'AD_ASST', 90);
INSERT INTO JOB_HISTORY (EMPLOYEE_ID, START_DATE, END_DATE, JOB_ID, DEPARTMENT_ID) VALUES (176, '1998-03-24', '1998-12-31', 'SA_REP', 80);
INSERT INTO JOB_HISTORY (EMPLOYEE_ID, START_DATE, END_DATE, JOB_ID, DEPARTMENT_ID) VALUES (176, '1999-01-01', '1999-12-31', 'SA_MAN', 80);
INSERT INTO JOB_HISTORY (EMPLOYEE_ID, START_DATE, END_DATE, JOB_ID, DEPARTMENT_ID) VALUES (200, '1994-07-01', '1998-12-31', 'AC_ACCOUNT', 90);
INSERT INTO JOB_HISTORY (EMPLOYEE_ID, START_DATE, END_DATE, JOB_ID, DEPARTMENT_ID) VALUES (105, '1997-06-25', '2016-04-19', 'IT_PROG', 60);

ALTER TABLE EMPLOYEES
	ADD FOREIGN KEY (MANAGER_ID) REFERENCES EMPLOYEES (EMPLOYEE_ID);

ALTER TABLE DEPARTMENTS 
	ADD FOREIGN KEY (MANAGER_ID) REFERENCES EMPLOYEES (EMPLOYEE_ID);
    
set foreign_key_checks = 1;
